culture,canonical_domain,total,refusals,non_refusals,hallucinations,hallucinations_not_refused,correct,refusal_rate,hallucination_rate_not_refused,hallucination_rate_all,correct_rate
gujarati,Festivals,1071,33,1038,413,381,658,0.0308,0.3671,0.3856,0.6144
gujarati,Food & Cuisine,861,8,853,336,331,525,0.0093,0.3880,0.3902,0.6098
gujarati,Geography,2770,74,2696,896,822,1874,0.0267,0.3049,0.3235,0.6765
gujarati,History,546,18,528,122,105,424,0.0330,0.1989,0.2234,0.7766
gujarati,unknown,2,0,2,1,1,1,0.0000,0.5000,0.5000,0.5000
tamil,Festivals,364,2,362,150,148,214,0.0055,0.4088,0.4121,0.5879
tamil,Food & Cuisine,231,0,231,145,145,86,0.0000,0.6277,0.6277,0.3723
tamil,Geography,833,13,820,412,399,421,0.0156,0.4866,0.4946,0.5054
tamil,History,126,1,125,38,37,88,0.0079,0.2960,0.3016,0.6984
